<?xml version="1.0" encoding="UTF-8"?>
<GenRun Id="synth_1" LaunchPart="xc7z010clg400-1" LaunchTime="1551323541">
  <File Type="PA-TCL" Name="Master.tcl"/>
  <File Type="RDS-PROPCONSTRS" Name="Master_drc_synth.rpt"/>
  <File Type="REPORTS-TCL" Name="Master_reports.tcl"/>
  <File Type="RDS-RDS" Name="Master.vds"/>
  <File Type="RDS-UTIL" Name="Master_utilization_synth.rpt"/>
  <File Type="RDS-UTIL-PB" Name="Master_utilization_synth.pb"/>
  <File Type="RDS-DCP" Name="Master.dcp"/>
  <File Type="VDS-TIMINGSUMMARY" Name="Master_timing_summary_synth.rpt"/>
  <File Type="VDS-TIMING-PB" Name="Master_timing_summary_synth.pb"/>
  <FileSet Name="sources" Type="DesignSrcs" RelSrcDir="$PSRCDIR/sources_1">
    <Filter Type="Srcs"/>
    <File Path="$PSRCDIR/sources_1/new/aff_matrice.vhd">
      <FileInfo>
        <Attr Name="UsedIn" Val="synthesis"/>
        <Attr Name="UsedIn" Val="simulation"/>
      </FileInfo>
    </File>
    <File Path="$PSRCDIR/sources_1/imports/new/synchro_module_v2.vhd">
      <FileInfo>
        <Attr Name="ImportPath" Val="$PPRDIR/../gauf2011-forj1928/pb_APP_log_comb/pb_APP_log_comb.srcs/sources_1/new/synchro_module_v2.vhd"/>
        <Attr Name="ImportTime" Val="1547234718"/>
        <Attr Name="UsedIn" Val="synthesis"/>
        <Attr Name="UsedIn" Val="simulation"/>
      </FileInfo>
    </File>
    <File Path="$PSRCDIR/sources_1/new/Master.vhd">
      <FileInfo>
        <Attr Name="UsedIn" Val="synthesis"/>
        <Attr Name="UsedIn" Val="simulation"/>
      </FileInfo>
    </File>
    <Config>
      <Option Name="DesignMode" Val="RTL"/>
      <Option Name="TopModule" Val="Master"/>
      <Option Name="TopAutoSet" Val="TRUE"/>
    </Config>
  </FileSet>
  <FileSet Name="constrs_in" Type="Constrs" RelSrcDir="$PSRCDIR/constrs_1">
    <Filter Type="Constrs"/>
    <File Path="$PSRCDIR/constrs_1/imports/new/circuit_labo_adder4b.xdc">
      <FileInfo>
        <Attr Name="ImportPath" Val="$PPRDIR/../gauf2011-forj1928/pb_APP_log_comb/pb_APP_log_comb.srcs/constrs_1/new/circuit_labo_adder4b.xdc"/>
        <Attr Name="ImportTime" Val="1547477960"/>
        <Attr Name="UsedIn" Val="synthesis"/>
        <Attr Name="UsedIn" Val="implementation"/>
      </FileInfo>
    </File>
    <Config>
      <Option Name="ConstrsType" Val="XDC"/>
    </Config>
  </FileSet>
  <FileSet Name="utils" Type="Utils" RelSrcDir="$PSRCDIR/utils_1">
    <Filter Type="Utils"/>
    <Config>
      <Option Name="TopAutoSet" Val="TRUE"/>
    </Config>
  </FileSet>
  <Strategy Version="1" Minor="2">
    <StratHandle Name="Vivado Synthesis Defaults" Flow="Vivado Synthesis 2018">
      <Desc>Vivado Synthesis Defaults</Desc>
    </StratHandle>
    <Step Id="synth_design"/>
  </Strategy>
</GenRun>
